原泰介	湘南工大附高
山野翔	光陵高
小島泰裕	荏田高
若林周平	法政二高
向井悠真	立花学園高
近藤風太	桐蔭学園高
福島歩友	慶応高
矢田爽大	横浜商業高
西岡昌紀	港北高
渡辺宜斗	相原高
館林蓮	厚木王子高
木下良紀	アンカー
岩渕友哉	綾瀬高
久野丈斗	横須賀高
石井翔大	桐蔭学園高
石井永真	たなかクラブ
藤野智基	日大高
森田千瑛	岸田クラブ
泉直幸	湘南高
青山翔宇	横浜商大高
石川玲央	横浜商業高
柏木芳仁	三浦学苑高
鈴木晴大	桐蔭学園高
小澤一智	厚木王子高
小柳輝	横浜商業高
和田航太朗	光陵高
栗原拓久	綾瀬高
竹島友輝	相原高
齋田匠	茅ヶ崎北陵高
村上蒼太	桐蔭中等
笠間大牙	日大高
増田梗	荏田高
人見陽希	湘南工大附高
山崎勇輝	東海大相模高
磯松和貴	法政二高
中野遥斗	アンカー
伊田典之	三浦学苑高
三田賢治朗	横浜商業高
日高淳也	桐蔭学園高
永井元気	LE COURS
宮坂祐大	住吉高
岩尾虎之丞	クラーク高
石橋悠人	アンカー
加藤蒼也	リトルキングス
中野聖那	三浦学苑高
浜村一己	横浜商業高
熊谷慶太朗	岸田クラブ
岩田友也	相原高
田淵悠翔	湘南高
瀬井将太郎	川崎ジュニア
保坂一碧	慶応高
佐々木佑馬	桐蔭学園高
坂内昊	光陵高
伊藤大河	荏田高
下田虎次朗	茅ヶ崎北陵高
岡田琉生明	リトルキングス
杉下侑人	アンカー
荒井日夏太	綾瀬高
宮田仁平	横浜商業高
吉川隼人	日大高
丸岡駿太	相模原ジュニア
島田空	湘南工大附高
小林航大	武相高
齋藤光次朗	東海大相模高
米川晴翔	法政二高
杉本一樹	桐蔭学園高
神保譲	R&M
野上なつ	桐蔭学園高
鈴木大道	アイリス
笹岡優佑	綾瀬高
平嶋陽大	厚木王子高
高村優太	アンカー
渡辺春陽	横浜商業高
平山晴翔	相原高
石黒琉仁	川崎ジュニア
高橋奏翔	住吉高
茂田翔紀	たなかクラブ
原田陽士郎	法政二高
宮地聖良	横須賀高
岩鼻柊宏	横浜商業高
石原行翔	川崎ジュニア
多田郷	光陵高
鯛桐諒	アマテラス卓球場
山本健人	横須賀卓球スクール
吉田瑠生	荏田高
松井翔	桐蔭学園高
成瀬稜真	綾瀬高
服部快斗	湘南工大附高
